accuracies,precisions,recalls,f1_scores,mean_accuracy,std_dev,training_times,testing_times,places,Combination
0.7263681592039801,0.7228501364574577,0.7263681592039801,0.7229379814250625,0.7135986733001659,0.009145151362495683,0.1674363613128662,[0.18492484092712402],0.7529002320185615,0
0.7213930348258707,0.7167574798018502,0.7213930348258707,0.7183240813604268,0.7135986733001659,0.009145151362495683,0.16376852989196777,[0.18492484092712402],0.7529002320185615,0
0.7097844112769486,0.7000920060124592,0.7097844112769486,0.7027412294091343,0.7135986733001659,0.009145151362495683,0.16597366333007812,[0.18492484092712402],0.7529002320185615,0
0.6981757877280266,0.6895547383963935,0.6981757877280266,0.6914068048721548,0.7135986733001659,0.009145151362495683,0.1709136962890625,[0.18492484092712402],0.7529002320185615,0
0.7230514096185738,0.7163847911694441,0.7230514096185738,0.7187848912526922,0.7135986733001659,0.009145151362495683,0.1921827793121338,[0.18492484092712402],0.7529002320185615,0
0.7114427860696517,0.7047148748221341,0.7114427860696517,0.706468021305298,0.7135986733001659,0.009145151362495683,0.1554880142211914,[0.18492484092712402],0.7529002320185615,0
0.714759535655058,0.7045465432175164,0.714759535655058,0.7065203665319498,0.7135986733001659,0.009145151362495683,0.15173912048339844,[0.18492484092712402],0.7529002320185615,0
0.6998341625207297,0.6889179908804011,0.6998341625207297,0.6916468396468982,0.7135986733001659,0.009145151362495683,0.15716290473937988,[0.18492484092712402],0.7529002320185615,0
0.7097844112769486,0.7008804586522017,0.7097844112769486,0.7024011500556112,0.7135986733001659,0.009145151362495683,0.1792891025543213,[0.18492484092712402],0.7529002320185615,0
0.7213930348258707,0.7136864631300348,0.7213930348258707,0.7145647459313336,0.7135986733001659,0.009145151362495683,0.15796875953674316,[0.18492484092712402],0.7529002320185615,0
0.7495854063018242,0.7426892787318958,0.7495854063018242,0.7449623450218193,0.7414593698175788,0.01201492251189383,0.14957475662231445,[0.1564345359802246],0.7726218097447796,1
0.7611940298507462,0.75525975699536,0.7611940298507462,0.7558046800324467,0.7414593698175788,0.01201492251189383,0.13732266426086426,[0.1564345359802246],0.7726218097447796,1
0.7396351575456053,0.7332170457455248,0.7396351575456053,0.7359180100366232,0.7414593698175788,0.01201492251189383,0.14968514442443848,[0.1564345359802246],0.7726218097447796,1
0.7346600331674958,0.7286620335437888,0.7346600331674958,0.7310484002622353,0.7414593698175788,0.01201492251189383,0.14742445945739746,[0.1564345359802246],0.7726218097447796,1
0.7479270315091211,0.7312786478210647,0.7479270315091211,0.7356553299609054,0.7414593698175788,0.01201492251189383,0.14457321166992188,[0.1564345359802246],0.7726218097447796,1
0.7263681592039801,0.7180875957193087,0.7263681592039801,0.7205167566396437,0.7414593698175788,0.01201492251189383,0.1475374698638916,[0.1564345359802246],0.7726218097447796,1
0.7512437810945274,0.7459046811815155,0.7512437810945274,0.7471137545837683,0.7414593698175788,0.01201492251189383,0.1336669921875,[0.1564345359802246],0.7726218097447796,1
0.7230514096185738,0.7157723036763418,0.7230514096185738,0.7182828295041294,0.7414593698175788,0.01201492251189383,0.1416611671447754,[0.1564345359802246],0.7726218097447796,1
0.7296849087893864,0.7258039007827876,0.7296849087893864,0.7267703491019716,0.7414593698175788,0.01201492251189383,0.14613747596740723,[0.1564345359802246],0.7726218097447796,1
0.7512437810945274,0.7431465723209958,0.7512437810945274,0.7458270122716122,0.7414593698175788,0.01201492251189383,0.1516425609588623,[0.1564345359802246],0.7726218097447796,1
0.814262023217247,0.8097613912328103,0.814262023217247,0.8099235049517692,0.7996683250414593,0.012668941462543454,0.2205960750579834,[0.24970293045043945],0.808584686774942,2
0.814262023217247,0.8124318449752662,0.814262023217247,0.812063952153662,0.7996683250414593,0.012668941462543454,0.21790146827697754,[0.24970293045043945],0.808584686774942,2
0.8059701492537313,0.8022272554181653,0.8059701492537313,0.8032123351857667,0.7996683250414593,0.012668941462543454,0.21304702758789062,[0.24970293045043945],0.808584686774942,2
0.7860696517412935,0.7814427809483879,0.7860696517412935,0.7828992880924346,0.7996683250414593,0.012668941462543454,0.201812744140625,[0.24970293045043945],0.808584686774942,2
0.8076285240464345,0.8012093283875997,0.8076285240464345,0.8027885014234102,0.7996683250414593,0.012668941462543454,0.212691068649292,[0.24970293045043945],0.808584686774942,2
0.7744610281923715,0.7718393495618482,0.7744610281923715,0.7722134086068049,0.7996683250414593,0.012668941462543454,0.20526909828186035,[0.24970293045043945],0.808584686774942,2
0.7893864013266998,0.785067121080257,0.7893864013266998,0.786430597496902,0.7996683250414593,0.012668941462543454,0.20311355590820312,[0.24970293045043945],0.808584686774942,2
0.7927031509121062,0.791318339932027,0.7927031509121062,0.7916375846119176,0.7996683250414593,0.012668941462543454,0.2046201229095459,[0.24970293045043945],0.808584686774942,2
0.802653399668325,0.7993697398870164,0.802653399668325,0.8002546378166213,0.7996683250414593,0.012668941462543454,0.2069547176361084,[0.24970293045043945],0.808584686774942,2
0.8092868988391376,0.8055331643582341,0.8092868988391376,0.8060530840099734,0.7996683250414593,0.012668941462543454,0.20802617073059082,[0.24970293045043945],0.808584686774942,2
0.5406301824212272,0.5345263219420308,0.5406301824212272,0.537195204261331,0.521558872305141,0.015203778951491106,0.15928292274475098,[0.16599535942077637],0.5522041763341067,3
0.5174129353233831,0.5111566132037827,0.5174129353233831,0.5126441523870624,0.521558872305141,0.015203778951491106,0.1631176471710205,[0.16599535942077637],0.5522041763341067,3
0.5240464344941956,0.5083814541695689,0.5240464344941956,0.5136110424224217,0.521558872305141,0.015203778951491106,0.15233588218688965,[0.16599535942077637],0.5522041763341067,3
0.5107794361525705,0.501946507787799,0.5107794361525705,0.5047184879413231,0.521558872305141,0.015203778951491106,0.15149593353271484,[0.16599535942077637],0.5522041763341067,3
0.5323383084577115,0.5280471013912439,0.5323383084577115,0.5299165697439423,0.521558872305141,0.015203778951491106,0.1636207103729248,[0.16599535942077637],0.5522041763341067,3
0.4859038142620232,0.47236355996880147,0.4859038142620232,0.47802285140724327,0.521558872305141,0.015203778951491106,0.15020990371704102,[0.16599535942077637],0.5522041763341067,3
0.538971807628524,0.5151613832984869,0.538971807628524,0.5234311910232519,0.521558872305141,0.015203778951491106,0.15703725814819336,[0.16599535942077637],0.5522041763341067,3
0.5174129353233831,0.5106561270504861,0.5174129353233831,0.5124745104119796,0.521558872305141,0.015203778951491106,0.15831851959228516,[0.16599535942077637],0.5522041763341067,3
0.5306799336650083,0.527988174899217,0.5306799336650083,0.5277594422267786,0.521558872305141,0.015203778951491106,0.1516873836517334,[0.16599535942077637],0.5522041763341067,3
0.5174129353233831,0.5073932788490986,0.5174129353233831,0.5092357289229813,0.521558872305141,0.015203778951491106,0.15510320663452148,[0.16599535942077637],0.5522041763341067,3
0.7645107794361525,0.7578065626679725,0.7645107794361525,0.7601304598532549,0.7407960199004975,0.017393972142888608,0.1837003231048584,[0.2146148681640625],0.7726218097447796,4
0.7446102819237148,0.7388923099112922,0.7446102819237148,0.7402064667464456,0.7407960199004975,0.017393972142888608,0.18768572807312012,[0.2146148681640625],0.7726218097447796,4
0.7529021558872305,0.7432898839698705,0.7529021558872305,0.743084894756205,0.7407960199004975,0.017393972142888608,0.18293285369873047,[0.2146148681640625],0.7726218097447796,4
0.7114427860696517,0.7049136378586989,0.7114427860696517,0.705581869182107,0.7407960199004975,0.017393972142888608,0.18813395500183105,[0.2146148681640625],0.7726218097447796,4
0.7595356550580431,0.75364775888623,0.7595356550580431,0.7548829077623037,0.7407960199004975,0.017393972142888608,0.18472623825073242,[0.2146148681640625],0.7726218097447796,4
0.7230514096185738,0.7120583845601606,0.7230514096185738,0.7148690801994484,0.7407960199004975,0.017393972142888608,0.1955122947692871,[0.2146148681640625],0.7726218097447796,4
0.7479270315091211,0.7381870679613599,0.7479270315091211,0.739756945520149,0.7407960199004975,0.017393972142888608,0.19259119033813477,[0.2146148681640625],0.7726218097447796,4
0.7180762852404643,0.71231232285644,0.7180762852404643,0.7126065686218561,0.7407960199004975,0.017393972142888608,0.18593478202819824,[0.2146148681640625],0.7726218097447796,4
0.7529021558872305,0.7464662072560951,0.7529021558872305,0.7483087602334634,0.7407960199004975,0.017393972142888608,0.19257640838623047,[0.2146148681640625],0.7726218097447796,4
0.7330016583747927,0.7223134752973579,0.7330016583747927,0.7245099090582866,0.7407960199004975,0.017393972142888608,0.18660759925842285,[0.2146148681640625],0.7726218097447796,4
0.7694859038142621,0.7631533016266976,0.7694859038142621,0.7648735431094419,0.761028192371476,0.013903670261176242,0.20157122611999512,[0.21789813041687012],0.796983758700696,5
0.7810945273631841,0.7736085284554249,0.7810945273631841,0.7754006220567984,0.761028192371476,0.013903670261176242,0.19262361526489258,[0.21789813041687012],0.796983758700696,5
0.7545605306799337,0.7448489354942751,0.7545605306799337,0.7479568841651446,0.761028192371476,0.013903670261176242,0.19919824600219727,[0.21789813041687012],0.796983758700696,5
0.7396351575456053,0.732587337881848,0.7396351575456053,0.735465201416688,0.761028192371476,0.013903670261176242,0.1776134967803955,[0.21789813041687012],0.796983758700696,5
0.7827529021558872,0.7751154233691927,0.7827529021558872,0.7771086120528715,0.761028192371476,0.013903670261176242,0.17836952209472656,[0.21789813041687012],0.796983758700696,5
0.7479270315091211,0.7406168347103207,0.7479270315091211,0.7425526910099627,0.761028192371476,0.013903670261176242,0.19637250900268555,[0.21789813041687012],0.796983758700696,5
0.7545605306799337,0.7459849064092001,0.7545605306799337,0.7480408869260475,0.761028192371476,0.013903670261176242,0.2074875831604004,[0.21789813041687012],0.796983758700696,5
0.7479270315091211,0.7432327736099971,0.7479270315091211,0.7444360761900068,0.761028192371476,0.013903670261176242,0.2017989158630371,[0.21789813041687012],0.796983758700696,5
0.7611940298507462,0.759089317437555,0.7611940298507462,0.7589670842814681,0.761028192371476,0.013903670261176242,0.19110679626464844,[0.21789813041687012],0.796983758700696,5
0.7711442786069652,0.766292144687118,0.7711442786069652,0.7673866800761004,0.761028192371476,0.013903670261176242,0.19472312927246094,[0.21789813041687012],0.796983758700696,5
0.8192371475953566,0.8149403632986586,0.8192371475953566,0.8154480961888522,0.8033167495854062,0.02099269306593256,0.249647855758667,[0.2640233039855957],0.8097447795823666,6
0.8225538971807629,0.8194054281449653,0.8225538971807629,0.8169425965870913,0.8033167495854062,0.02099269306593256,0.23423242568969727,[0.2640233039855957],0.8097447795823666,6
0.8059701492537313,0.800260276055081,0.8059701492537313,0.801255089867084,0.8033167495854062,0.02099269306593256,0.23238182067871094,[0.2640233039855957],0.8097447795823666,6
0.7860696517412935,0.7786894007679698,0.7860696517412935,0.7800223560755696,0.8033167495854062,0.02099269306593256,0.23569464683532715,[0.2640233039855957],0.8097447795823666,6
0.8391376451077943,0.8363515639635043,0.8391376451077943,0.8361011701126855,0.8033167495854062,0.02099269306593256,0.2321176528930664,[0.2640233039855957],0.8097447795823666,6
0.7645107794361525,0.7565630623364725,0.7645107794361525,0.7585531599640875,0.8033167495854062,0.02099269306593256,0.23006629943847656,[0.2640233039855957],0.8097447795823666,6
0.7976782752902156,0.7909526475207963,0.7976782752902156,0.7920623455475154,0.8033167495854062,0.02099269306593256,0.22986245155334473,[0.2640233039855957],0.8097447795823666,6
0.7827529021558872,0.7770691712415805,0.7827529021558872,0.7777571937890437,0.8033167495854062,0.02099269306593256,0.23131775856018066,[0.2640233039855957],0.8097447795823666,6
0.8175787728026535,0.8111201616623623,0.8175787728026535,0.8126196852631346,0.8033167495854062,0.02099269306593256,0.22943902015686035,[0.2640233039855957],0.8097447795823666,6
0.7976782752902156,0.7918484055944202,0.7976782752902156,0.7933279416185485,0.8033167495854062,0.02099269306593256,0.227311372756958,[0.2640233039855957],0.8097447795823666,6
0.6086235489220564,0.6024637658645534,0.6086235489220564,0.6045320131297647,0.6024875621890546,0.013101160862354883,0.15041208267211914,[0.15016651153564453],0.6438515081206496,7
0.6169154228855721,0.6108182879810513,0.6169154228855721,0.6108960259096554,0.6024875621890546,0.013101160862354883,0.15121006965637207,[0.15016651153564453],0.6438515081206496,7
0.5953565505804311,0.5899487093597123,0.5953565505804311,0.5920865783340533,0.6024875621890546,0.013101160862354883,0.15018391609191895,[0.15016651153564453],0.6438515081206496,7
0.6069651741293532,0.6008828555349,0.6069651741293532,0.6032188081715084,0.6024875621890546,0.013101160862354883,0.14977192878723145,[0.15016651153564453],0.6438515081206496,7
0.6185737976782753,0.6140405596125693,0.6185737976782753,0.615422272740487,0.6024875621890546,0.013101160862354883,0.14711380004882812,[0.15016651153564453],0.6438515081206496,7
0.5837479270315091,0.5759855140643515,0.5837479270315091,0.5785800017516761,0.6024875621890546,0.013101160862354883,0.14859557151794434,[0.15016651153564453],0.6438515081206496,7
0.593698175787728,0.5850256503706195,0.593698175787728,0.5872262100965213,0.6024875621890546,0.013101160862354883,0.14812922477722168,[0.15016651153564453],0.6438515081206496,7
0.6102819237147595,0.6030692497137551,0.6102819237147595,0.6046049574549557,0.6024875621890546,0.013101160862354883,0.15850019454956055,[0.15016651153564453],0.6438515081206496,7
0.5787728026533997,0.5799004222735464,0.5787728026533997,0.5778109373787462,0.6024875621890546,0.013101160862354883,0.14640474319458008,[0.15016651153564453],0.6438515081206496,7
0.6119402985074627,0.6062788003489904,0.6119402985074627,0.6074276834842485,0.6024875621890546,0.013101160862354883,0.15526604652404785,[0.15016651153564453],0.6438515081206496,7
0.7645107794361525,0.7621949681178729,0.7645107794361525,0.7606488207287398,0.748424543946932,0.014033613929048111,0.19916367530822754,[0.24541926383972168],0.7621809744779582,8
0.7694859038142621,0.7664998813239112,0.7694859038142621,0.7648726649800895,0.748424543946932,0.014033613929048111,0.1946253776550293,[0.24541926383972168],0.7621809744779582,8
0.7396351575456053,0.7353182079061741,0.7396351575456053,0.7367542988162518,0.748424543946932,0.014033613929048111,0.20210552215576172,[0.24541926383972168],0.7621809744779582,8
0.7296849087893864,0.723220831110504,0.7296849087893864,0.7241645466693427,0.748424543946932,0.014033613929048111,0.19240641593933105,[0.24541926383972168],0.7621809744779582,8
0.7661691542288557,0.7623948482631044,0.7661691542288557,0.762893582141368,0.748424543946932,0.014033613929048111,0.19444561004638672,[0.24541926383972168],0.7621809744779582,8
0.7346600331674958,0.7287608091664158,0.7346600331674958,0.7293532571311362,0.748424543946932,0.014033613929048111,0.19652199745178223,[0.24541926383972168],0.7621809744779582,8
0.746268656716418,0.7374135285290238,0.746268656716418,0.73763736139018,0.748424543946932,0.014033613929048111,0.1868441104888916,[0.24541926383972168],0.7621809744779582,8
0.7313432835820896,0.7275390564529837,0.7313432835820896,0.729056000745895,0.748424543946932,0.014033613929048111,0.1951894760131836,[0.24541926383972168],0.7621809744779582,8
0.7479270315091211,0.7395703971442035,0.7479270315091211,0.7419013309737298,0.748424543946932,0.014033613929048111,0.17656469345092773,[0.24541926383972168],0.7621809744779582,8
0.7545605306799337,0.7494034982011218,0.7545605306799337,0.7489786454121459,0.748424543946932,0.014033613929048111,0.2233905792236328,[0.24541926383972168],0.7621809744779582,8
0.7611940298507462,0.755750964276493,0.7611940298507462,0.7557104434026265,0.7628524046434494,0.013513465198980676,0.2180345058441162,[0.22213268280029297],0.7888631090487239,9
0.7728026533996684,0.767265446808906,0.7728026533996684,0.7663492385635959,0.7628524046434494,0.013513465198980676,0.22987031936645508,[0.22213268280029297],0.7888631090487239,9
0.75787728026534,0.7487506719111985,0.75787728026534,0.7518273755870306,0.7628524046434494,0.013513465198980676,0.2349376678466797,[0.22213268280029297],0.7888631090487239,9
0.7645107794361525,0.7614065811398446,0.7645107794361525,0.7620941968963495,0.7628524046434494,0.013513465198980676,0.21325945854187012,[0.22213268280029297],0.7888631090487239,9
0.7711442786069652,0.7634815341283003,0.7711442786069652,0.7653180849087603,0.7628524046434494,0.013513465198980676,0.23082375526428223,[0.22213268280029297],0.7888631090487239,9
0.7479270315091211,0.7448701225033585,0.7479270315091211,0.7457946324349355,0.7628524046434494,0.013513465198980676,0.2244412899017334,[0.22213268280029297],0.7888631090487239,9
0.7611940298507462,0.7492663369230306,0.7611940298507462,0.7504480611222791,0.7628524046434494,0.013513465198980676,0.23731732368469238,[0.22213268280029297],0.7888631090487239,9
0.746268656716418,0.7416884802566688,0.746268656716418,0.7434023469484065,0.7628524046434494,0.013513465198980676,0.225175142288208,[0.22213268280029297],0.7888631090487239,9
0.7512437810945274,0.7452564122311363,0.7512437810945274,0.7471640233885346,0.7628524046434494,0.013513465198980676,0.22384905815124512,[0.22213268280029297],0.7888631090487239,9
0.7943615257048093,0.7912206056057515,0.7943615257048093,0.7906424028198848,0.7628524046434494,0.013513465198980676,0.2282576560974121,[0.22213268280029297],0.7888631090487239,9
0.8308457711442786,0.8303502454777262,0.8308457711442786,0.8269384967564191,0.8034825870646765,0.013168164199738184,0.23671627044677734,[0.2836785316467285],0.814385150812065,10
0.8208955223880597,0.8199008196667096,0.8208955223880597,0.8170670988759801,0.8034825870646765,0.013168164199738184,0.240936279296875,[0.2836785316467285],0.814385150812065,10
0.7943615257048093,0.7900478792496339,0.7943615257048093,0.790318615346342,0.8034825870646765,0.013168164199738184,0.22549962997436523,[0.2836785316467285],0.814385150812065,10
0.7960199004975125,0.7909524787776758,0.7960199004975125,0.792212346933839,0.8034825870646765,0.013168164199738184,0.22918009757995605,[0.2836785316467285],0.814385150812065,10
0.802653399668325,0.7986955288366571,0.802653399668325,0.7976960614363353,0.8034825870646765,0.013168164199738184,0.2271714210510254,[0.2836785316467285],0.814385150812065,10
0.7993366500829188,0.7959639335218,0.7993366500829188,0.7965811328955287,0.8034825870646765,0.013168164199738184,0.23783159255981445,[0.2836785316467285],0.814385150812065,10
0.7993366500829188,0.7959701984892887,0.7993366500829188,0.7913832811194962,0.8034825870646765,0.013168164199738184,0.2368907928466797,[0.2836785316467285],0.814385150812065,10
0.7810945273631841,0.7781453316223909,0.7810945273631841,0.7787858209184679,0.8034825870646765,0.013168164199738184,0.21717286109924316,[0.2836785316467285],0.814385150812065,10
0.8043117744610282,0.7978554319048032,0.8043117744610282,0.7995192106693423,0.8034825870646765,0.013168164199738184,0.22137713432312012,[0.2836785316467285],0.814385150812065,10
0.8059701492537313,0.8035804550657684,0.8059701492537313,0.8012775356513748,0.8034825870646765,0.013168164199738184,0.2330477237701416,[0.2836785316467285],0.814385150812065,10
0.6683250414593698,0.6605248202821399,0.6683250414593698,0.6618470622165313,0.6540630182421227,0.011801291459142426,0.2045605182647705,[0.24335122108459473],0.7169373549883991,11
0.6600331674958541,0.6513701954732098,0.6600331674958541,0.6503176573674592,0.6540630182421227,0.011801291459142426,0.22501277923583984,[0.24335122108459473],0.7169373549883991,11
0.6550580431177446,0.6386086849172367,0.6550580431177446,0.6430075089336819,0.6540630182421227,0.011801291459142426,0.21258258819580078,[0.24335122108459473],0.7169373549883991,11
0.6301824212271974,0.6152043948729754,0.6301824212271974,0.6206060900936199,0.6540630182421227,0.011801291459142426,0.2036299705505371,[0.24335122108459473],0.7169373549883991,11
0.6567164179104478,0.6484323791618491,0.6567164179104478,0.651290808251751,0.6540630182421227,0.011801291459142426,0.2021627426147461,[0.24335122108459473],0.7169373549883991,11
0.6434494195688225,0.6370977865095437,0.6434494195688225,0.637225944893265,0.6540630182421227,0.011801291459142426,0.1985762119293213,[0.24335122108459473],0.7169373549883991,11
0.6517412935323383,0.6357244451348854,0.6517412935323383,0.639937022630382,0.6540630182421227,0.011801291459142426,0.25670862197875977,[0.24335122108459473],0.7169373549883991,11
0.6716417910447762,0.6612608891353499,0.6716417910447762,0.6642733470863258,0.6540630182421227,0.011801291459142426,0.24782204627990723,[0.24335122108459473],0.7169373549883991,11
0.6434494195688225,0.6407842633381604,0.6434494195688225,0.6412720595605033,0.6540630182421227,0.011801291459142426,0.24825763702392578,[0.24335122108459473],0.7169373549883991,11
0.6600331674958541,0.6536727178399854,0.6600331674958541,0.6555665721670155,0.6540630182421227,0.011801291459142426,0.26283740997314453,[0.24335122108459473],0.7169373549883991,11
0.7877280265339967,0.7829965730582569,0.7877280265339967,0.7839758816526733,0.7666666666666667,0.018212700530403525,0.2393021583557129,[0.2734713554382324],0.8016241299303944,12
0.7761194029850746,0.7758378029840833,0.7761194029850746,0.7706761596332381,0.7666666666666667,0.018212700530403525,0.2319793701171875,[0.2734713554382324],0.8016241299303944,12
0.7728026533996684,0.7632350481585832,0.7728026533996684,0.7639559530224894,0.7666666666666667,0.018212700530403525,0.23901820182800293,[0.2734713554382324],0.8016241299303944,12
0.736318407960199,0.7303385095223529,0.736318407960199,0.7307540472192603,0.7666666666666667,0.018212700530403525,0.22309350967407227,[0.2734713554382324],0.8016241299303944,12
0.7976782752902156,0.794623305941046,0.7976782752902156,0.7937725606580429,0.7666666666666667,0.018212700530403525,0.23725581169128418,[0.2734713554382324],0.8016241299303944,12
0.7479270315091211,0.7411444672484763,0.7479270315091211,0.7398465975507399,0.7666666666666667,0.018212700530403525,0.23411774635314941,[0.2734713554382324],0.8016241299303944,12
0.7678275290215588,0.7619291759841834,0.7678275290215588,0.7620349217649617,0.7666666666666667,0.018212700530403525,0.24733829498291016,[0.2734713554382324],0.8016241299303944,12
0.7446102819237148,0.7377027020742429,0.7446102819237148,0.7392442384560195,0.7666666666666667,0.018212700530403525,0.2297518253326416,[0.2734713554382324],0.8016241299303944,12
0.7645107794361525,0.7558910706615579,0.7645107794361525,0.7576255004776372,0.7666666666666667,0.018212700530403525,0.23129606246948242,[0.2734713554382324],0.8016241299303944,12
0.7711442786069652,0.7639123779707988,0.7711442786069652,0.7645628150019,0.7666666666666667,0.018212700530403525,0.23955440521240234,[0.2734713554382324],0.8016241299303944,12
0.7943615257048093,0.7910970450039785,0.7943615257048093,0.7914007588551253,0.7771144278606965,0.018199860588151175,0.24452996253967285,[0.29541897773742676],0.8155452436194895,13
0.7960199004975125,0.7888362047870298,0.7960199004975125,0.7890693056306177,0.7771144278606965,0.018199860588151175,0.23342347145080566,[0.29541897773742676],0.8155452436194895,13
0.7777777777777778,0.768855011542067,0.7777777777777778,0.7709428245149867,0.7771144278606965,0.018199860588151175,0.23138213157653809,[0.29541897773742676],0.8155452436194895,13
0.7545605306799337,0.7461072052054347,0.7545605306799337,0.7485383105544495,0.7771144278606965,0.018199860588151175,0.22948789596557617,[0.29541897773742676],0.8155452436194895,13
0.7810945273631841,0.775613034400367,0.7810945273631841,0.7774843168500972,0.7771144278606965,0.018199860588151175,0.23464632034301758,[0.29541897773742676],0.8155452436194895,13
0.7446102819237148,0.7345522417292886,0.7446102819237148,0.7368755269205972,0.7771144278606965,0.018199860588151175,0.23360490798950195,[0.29541897773742676],0.8155452436194895,13
0.7910447761194029,0.7839325998778485,0.7910447761194029,0.7841260261450078,0.7771144278606965,0.018199860588151175,0.21895098686218262,[0.29541897773742676],0.8155452436194895,13
0.7545605306799337,0.7472885978885393,0.7545605306799337,0.7493419963550001,0.7771144278606965,0.018199860588151175,0.22597146034240723,[0.29541897773742676],0.8155452436194895,13
0.7810945273631841,0.7767097943714859,0.7810945273631841,0.7774270436110332,0.7771144278606965,0.018199860588151175,0.23474526405334473,[0.29541897773742676],0.8155452436194895,13
0.7960199004975125,0.7920934746120797,0.7960199004975125,0.7928561923162836,0.7771144278606965,0.018199860588151175,0.21933746337890625,[0.29541897773742676],0.8155452436194895,13
0.8325041459369817,0.8292858702877577,0.8325041459369817,0.8288480738196621,0.8131011608623548,0.01899617472842196,0.27195310592651367,[0.3691096305847168],0.8167053364269141,14
0.8275290215588723,0.8276284410065272,0.8275290215588723,0.8213859780277051,0.8131011608623548,0.01899617472842196,0.28151464462280273,[0.3691096305847168],0.8167053364269141,14
0.8059701492537313,0.8005013157833615,0.8059701492537313,0.8006526953850596,0.8131011608623548,0.01899617472842196,0.26726651191711426,[0.3691096305847168],0.8167053364269141,14
0.7860696517412935,0.7802760010747768,0.7860696517412935,0.7814489828819452,0.8131011608623548,0.01899617472842196,0.2725968360900879,[0.3691096305847168],0.8167053364269141,14
0.8275290215588723,0.8233441700350764,0.8275290215588723,0.823784991762497,0.8131011608623548,0.01899617472842196,0.27351880073547363,[0.3691096305847168],0.8167053364269141,14
0.7777777777777778,0.7708194376153096,0.7777777777777778,0.7702714315298375,0.8131011608623548,0.01899617472842196,0.2680795192718506,[0.3691096305847168],0.8167053364269141,14
0.824212271973466,0.8223521834887491,0.824212271973466,0.8192371948366296,0.8131011608623548,0.01899617472842196,0.2596759796142578,[0.3691096305847168],0.8167053364269141,14
0.7960199004975125,0.7902258378495614,0.7960199004975125,0.7906339773890252,0.8131011608623548,0.01899617472842196,0.2776978015899658,[0.3691096305847168],0.8167053364269141,14
0.8258706467661692,0.8204304905913643,0.8258706467661692,0.8191670174888499,0.8131011608623548,0.01899617472842196,0.2737107276916504,[0.3691096305847168],0.8167053364269141,14
0.8275290215588723,0.8239722557304034,0.8275290215588723,0.8237300550450456,0.8131011608623548,0.01899617472842196,0.2690286636352539,[0.3691096305847168],0.8167053364269141,14
